train_loss,epoch,step
1.231622338294983,0,49
1.4544506072998047,0,99
1.235293984413147,0,149
1.037581205368042,0,199
